Node,Label
lsHmnOZNlsKnEDsNmT-5_Q,Unknown
zOL260xaXDYZZPBItzALxQ,Unknown
YgVC9NdMji-VV05w7-E1DQ,Unknown
iE71iwcSljg3xm2GB2Y9aA,Unknown
J3iWlSa27BmyvX2XwJt3Yw,Unknown
FirWX-Ep5203TsdiGgShKg,Unknown
whAwdYVty-jSNRhrYT2zHA,Unknown
7dKIMvsTQI6zO-NYdRmrwA,Unknown
-KIdCJnkt5N8rnnmWR5MQg,Unknown
7m1Oa1VYV98UUuo_6i0EZg,Unknown
-ZBfr1BHvArFp1d6XH8jOQ,Unknown
gxEkxkqQrrK62DJnXxXDLg,Unknown
gJvkbZHUxwfNO5YMp_a4cA,Unknown
_6mvQX9x66oz046eS5ii8w,Unknown
pjpUOlJLlkIxBZ5BquA2PA,Unknown
3saG51hM2M14G5f-QwhGhg,Unknown
L2p0vO3fsS2LC6hhQo3CzA,Unknown
5eK_pgro9_LxPYDoRVJnEA,Unknown
0obhg2Jv22z6Mkvl3zGaiQ,Unknown
Jj8ubiwwuCR-rrhrrjcryw,Unknown
ACBC7mTesZDsykfMios-DA,Unknown
OYINXFNsJH1th423Pb3qxw,Unknown
0CElIQnJdQYF2bmsAiWczg,Unknown
hU6sN5r6vayqm_RMgvPGOQ,Unknown
SbI9phUuuFPh1j3zxIvO2g,Unknown
J0D_svyAjf9qCLTxxAb-wQ,Unknown
HpRsWkYHu-pumsZ4O_Linw,Unknown
-raUM9T-1dKPiB5_vRmFYA,Unknown
XPgurhZwZgNAwHcrpoe3Zg,Unknown
KBP7x08WfD__BUoE4kY0lg,Unknown
FJrI8DmhZX55GLS2eWasZA,Unknown
OASX1Yrgq_7R1PsYpixRcw,Unknown
I02fZsl5otCPP1XRu0y40Q,Unknown
wuMtOi-Q0VPDTVC9O442dA,Unknown
Ljknr0VF5Ia2DlTzELg-Kg,Unknown
p9v9Sl2g_ibaajWvO0NjkQ,Unknown
X6YpIqhaP_qoSZJRBcivGw,Unknown
egK9XPQwna9KiZmv_objzQ,Unknown
Auky7_gMsUdB91V0EAgbhA,Unknown
a4L-Fy0agN3RNM7O49bIHA,Unknown
KmeQRK-6Rs05S9mOu_vE-g,Unknown
n6IWvkVMWB9OIRZBXh5tHw,Unknown
ndTgznMYNe0n26VqzecEKQ,Unknown
vn5Ebwy-IdtJ6PQE6y7vaA,Unknown
T_tCnwWz5NzmRHmBoXfDDA,Unknown
cnfYugAYBFKgwDCTAVdViA,Unknown
BOD0yRkakyxXzJmbVVAxSA,Unknown
52sY8-9al5LJi475nNJkyQ,Unknown
xAg2w4pxJURbB2edAg2wMQ,Unknown
GqGxERckGNoVxOfG0DVjHg,Unknown
nZZaLSXkCBYRri9ZfVOgyw,Unknown
5l8S70308R_Osh3hm2zj3Q,Unknown
5HeI2iev-JWFI-S8CWmK6w,Unknown
E5AMBRf_2ZdawMMp1nG2eQ,Unknown
lfyg98UFNYMVk18p6LIlkw,Unknown
u-SJ5QUwrNquL9VnXwl8cg,Unknown
HGvNE87fvK5PwKMZBDkTbA,Unknown
JmI9nslLD7KZqRr__Bg6NQ,Unknown
FogTa-wmjhVnJCoTiaxvZA,Unknown
JfHXzulF6yIKgA22YYPedw,Unknown
flE7Sn2JGs0n3SAtaep6Zw,Unknown
v9u0NgjA4iQeKGevFnYSCA,Unknown
VSX3ixrqQFwwGBUf15s0EQ,Unknown
lwpQQflP1CGJPV7QLybzOg,Unknown
cOWXtCz7F9GQhPIks8gm6Q,Unknown
UE3AvVnaPEBPneVahYT2eA,Unknown
_DPJ_PHJnXsuhYhsgBA0Xw,Unknown
PJVjfGtVc71M0XlUr83teQ,Unknown
9eJMmk4OXwUqCpYMTxWB8g,Unknown
ukCTLs6T8LY1eUBXiAlmCg,Unknown
-Ht7HiGBox8lS1Y8IPjO8g,Unknown
F8FHXQBpMu1erLSTwUxYeQ,Unknown
LelAlfuj5oVRF9CQdWLsNQ,Unknown
Bv6-MOsh4jaL1bHOZpkKlg,Unknown
E4JyAzB5_2quptwtemyhYA,Unknown
evdJO0v9rvVixieNEnaeJg,Unknown
Cd2ERofxOeCbCi-0yDs0aw,Unknown
hTsZSiftorNUFb1VaHCHHg,Unknown
APXWKd1N-COyUdncd_FdyQ,Unknown
Vu641FmSuZcUBI8PymYRIg,Unknown
WU4wM-uD1INThG6F3sGzCQ,Unknown
E9IPxXY6pS2gTW2FBkAJmg,Unknown
Ap17p-tA4Ipzy1s35DfCfg,Unknown
wTjvgkUJMVWrYed9mXdQjg,Unknown
mnwRtuVQEsIUomBchu0gwg,Unknown
LtNgP4FqXp5nMFOHErK8cw,Unknown
46hnat0aLao-qYWZkN9aBg,Unknown
825nC-s-cQG6Hsul5Gm2cA,Unknown
7cK9uEV09iPmsTqOqmY3kQ,Unknown
VyVIneSU7XAWgMBllI6LnQ,Unknown
OgJ0KxwJcJ9R5bUK0ixCbg,Unknown
_mg5bYknpZgaWSfjQVmrJQ,Unknown
9yESUcIVarhYEabIMj844Q,Unknown
CUivTcULsu5MJIYYNVm1zw,Unknown
gQMAcDm8kv8ev7x2BshMwg,Unknown
pup46G8qFBG8695RtbQNwA,Unknown
frCxZS7lPhEnQRJ3UY6m7A,Unknown
cTJjTKz2huGZ-ElScC2pSw,Unknown
J07TDs6qnTIaxm48EL1cKQ,Unknown
Ktia9NJfvxVxTLVcEnw9zQ,Unknown
bFeRYpzZ81w4y-VazDWdBA,Unknown
02EYqwh47uVxOaOKrnx8SQ,Unknown
GdgGAINCqMXqcuKd2nKEBg,Unknown
cHdJXLlKNWixBXpDwEGb_A,Unknown
xZtKQ6AFLh9P7rfmjvVjhw,Unknown
TEaBolNAkOdRm2gvIYz4OQ,Unknown
3ug1xM71zxibq5RETXCi4Q,Unknown
UESdOMLsXn_7WcwOZt7I3A,Unknown
Lqp3uwGJU6CHyys-eerMmQ,Unknown
TolwZ3L28or4E8SVTZUf6Q,Unknown
RU2VtVZG8to-XVEHD-2qag,Unknown
8Zqh2jwtncA3N4fWEMTvZQ,Unknown
ALn_0f-Usn3n0a9WBcjhhg,Unknown
YPavuOh2XsnRbLfl0DH2lQ,Unknown
QdvROupQvDDQIaHrTGNgKA,Unknown
E25-2ssHwsajyGtsllMXaA,Unknown
3C5Z9homtzkWHouH2BHXYQ,Unknown
k1c_bC3DK6mKg797vH1T8w,Unknown
jOJaJatp88cqnkVo8D8RJg,Unknown
NJ0RzuWd5xDqfJejYQZ65g,Unknown
qQCsLGMncJp1xWUGnOKCQA,Unknown
jsuUmIEefPjV__ads62Z5w,Unknown
b207RNqIAhTd4JsRsnXB1Q,Unknown
pSQFynH1VxkfSmehRXlZWw,Unknown
ku9ak9cQnIGBCXBtRd61tQ,Unknown
N8uKQ5Vdb1LAh-qXT_25Rg,Unknown
D3dAx-QW_uuClz4MambeHA,Unknown
3_A59jPniLD5ViVuKMYpJw,Unknown
N3GQ4GhQviglogQR1dPNgg,Unknown
lgWB0yGXpZvupYREWxtV7g,Unknown
amNromvj2O7OAYYrlDEUcQ,Unknown
2g4ZTD3ePNSbDAvh6qAOKQ,Unknown
EEGajOchS2BIZNvJcPK3uw,Unknown
JHU3SbUz2UF1cVgnlNoK8Q,Unknown
pDewiJY6KCcZgLxxgxg13Q,Unknown
PlTdQdCWu2_hjbSuenB3pg,Unknown
Tw3miGKZHtmxmaQZIYFRrA,Unknown
z6-reuC5BYf_Rth9gMBfgQ,Unknown
-BxWyEIQ6wypT-37MzZizQ,Unknown
_guNmxJd4Ep6S3pBZdAjGA,Unknown
BvrG8XMpTtlJYWhOCbnpaQ,Unknown
IsoLzudHC50oJLiEWpwV-w,Unknown
sLKpRaFns5Uqw1IEzK6obA,Unknown
E8ugJa02FVCgfnjqV817iw,Unknown
URFhSrJPk7JM2pUtsuWsAg,Unknown
k1QpHAkzKTrFYfk6u--VgQ,Unknown
aXiXvy5cBMeb6m2j7WFuzg,Unknown
pxv5jBUOgsg6Rf6Z88e4mg,Unknown
yNPh5SO-7wr8HPpVCDPbXQ,Unknown
-Bdw-5H5C4AYSMGnAvmnzw,Unknown
aIZQF2UCLv6ru-zsPK4H2Q,Unknown
cXdQ3H0GqcIzRgrvBEaBxw,Unknown
SxelcKtJlN6X2Vlak0wXHw,Unknown
plWuv4gda7m0KlqCNhrb4w,Unknown
ZCzey5aPhd7jYIoHsUfjmQ,Unknown
seYvTmOZGJ2IAMdfQa8pkg,Unknown
drIFrAyZnyismS1ArZlmAg,Unknown
9O-L6F0cMfNmE5i07pN_xQ,Unknown
5aRyuqJZSGp1fNXHQHMLjg,Unknown
jKGiCMg50oRzmMOAOHsFiw,Unknown
fT6Uwl6abRQfiNgxre_qbg,Unknown
a1KXovXPdeDurOrER4ST6A,Unknown
gSPqD1DR3lzgoaifIhdF_w,Unknown
VbqtbvvtNOe-YKA61-fSNA,Unknown
mPfdYJj4d5KBPINDkaZY-Q,Unknown
fKm6mfATDJRDDQH0PtZeeQ,Unknown
_JZ7hXqOZ_MngjPWFgER0w,Unknown
D4xv7_wwYpZEZar4DwwYYQ,Unknown
_sOni_t0FvAQuUDBEGe3Gg,Unknown
-yQHIYKXH3HAdhh1W52OMQ,Unknown
dUffgo9Lh_Vk9TLuFR5ywg,Unknown
JQYkVnUzS5vgFxZgCuW7ag,Unknown
k-fLKf1Qbq08jDrOuNn5ZA,Unknown
u6biYZCSOwyQ-WmXqQbbQA,Unknown
Ak08F6RqjHYmVCzweBbTrQ,Unknown
PVTfzxu7of57zo1jZwEzkg,Unknown
qvQ-i1HgSloSJLkGnXsfhw,Unknown
WQIvHDD4hNa8SDVxdQt56w,Unknown
VMCLHzIIGlJaXGxxFhAEvA,Unknown
Ae5S7cr7TlRUMLOa6E6f0A,Unknown
64dfRmMmUsOdLnkBOtzp4w,Unknown
STtrEGylaYOXoXQFLP5OAQ,Unknown
DMyoxEaTGTakZxWgh1D5bw,Unknown
2iLeiQ4OCJVwfodR9egMag,Unknown
kblFxfo_xnMUZF0U0aGXQw,Unknown
C3gKBIsZKR3bp43BbOu8qA,Unknown
xmAakatNKpvIJ-Fmq5swCw,Unknown
kn5Zd5FApH3PYGN8tw6bSQ,Unknown
2Yq-Y-tDroP7mdDfcWJLCQ,Unknown
XMMLRvV4IMxIGyc4H37LxA,Unknown
aMF8cG445ONPRKBsBYqofg,Unknown
oMBNvB6tHlwW3UwGBYqljw,Unknown
xudgMGJvmXIljlxZmeYODg,Unknown
VEe-_Yc1fbEtUjkACEjLpA,Unknown
8rlTOw0IA1TENURMBJpaXw,Unknown
vjaHGc25CcyNPZTbjDa7Ww,Unknown
LMdUoR00jPxQDWLYRq93FA,Unknown
90bL34o2KEes9pUnCOm7pQ,Unknown
JTl1nXrukJTScI0Uz0x2Fg,Unknown
_WvEXsx2eZ53lTWHlIx9kg,Unknown
3sOS8wKatd_Uoa9VEJHhrw,Unknown
OGRB__fguKfGpPdH7FvBDA,Unknown
0Buxoc0cRqjpvkezo3bqog,Unknown
MgHWbwuxxb_txhI3lK_bKg,Unknown
_WtxQbDK7B-ExGdeG-2j6Q,Unknown
Ns20WGWn6s6niKAGIQB4UQ,Unknown
NwVj3tbEcR2F8fbrcOEV0Q,Unknown
N5B7OBTyNGgwU_Y2fwNcyw,Unknown
fjapWp89YVCeKvW51KUDQw,Unknown
oZcbn7ENit23xbCsyu9xbA,Unknown
50NTSGbZ3pN5643_K1IReA,Unknown
RztX0zV7ObHZD08SDUhI0Q,Unknown
wN2zNgEK-QizEA_NKAHj6Q,Unknown
BA2tYMpTHR3i7X-6qtcWaw,Unknown
-050d_XIor1NpCuWkbIVaQ,Unknown
H3Gastz2T6iiSRGmlbtoXQ,Unknown
XC06xxb7FFYsXcI2E38IIw,Unknown
QsMR_Fp9YRtDegThsOgFLA,Unknown
Gz9SlLqxS6wnxPvgdOQNrA,Unknown
tGLz8WfLwSi221wgNh-0qw,Unknown
-rhH9sL3XGFpoJXcxUpEWA,Unknown
9a3DrZvpYxVs3k_qwlCNSw,Unknown
aD-YA02i2xAqLBDon1tzIQ,Unknown
J5ebC7fKqrSF8KuS8d6hgw,Unknown
-hq09PjRpGcx4XXhrqh5xw,Unknown
QDRFdG8gPPKL7r4yic8j7Q,Unknown
KMxOoHyRKP74PgosuRkkdg,Unknown
rW5N-fiNhqb-fR3bGqyPdg,Unknown
kBjTP2DFmHYEEG4MpE4Iyw,Unknown
RQTatUj2f9Nz9JViTH4aAQ,Unknown
gHutuGMMMH-5Qv9DbemLFw,Unknown
OZqAZkjhV_nyHsbnKaD1WQ,Unknown
VRC7J-ahI4em9ddhihxq5w,Unknown
mDiFWhywAziq9SKnj6am_Q,Unknown
tcT3oHh_dwi_FYhozw3Ibw,Unknown
szhJLmdLDVFTevm8fu0T4A,Unknown
rswuhMY5vCbvZvF2wBIhqg,Unknown
tuIg103yDqCEcTk5J_h8ow,Unknown
DuNqApk82hjSeF2bJtlZtg,Unknown
zrTGcb83AsfyVTMrsCa65A,Unknown
dSJ5geXtpCiRmL0FWSYoIQ,Unknown
AyZePvrWz73d3B0hafFCKA,Unknown
5A_sjC9ULLt4UkDNtr9dkw,Unknown
TVYJx5iUkLJFiuiXc8rxEQ,Unknown
dg5cg298SXZVMo4ZEwSUtg,Unknown
Cp-clhAJs3NJRwXpXk_saw,Unknown
jZ8ogksrNzUmREJggc1YOQ,Unknown
1JpfQCgLnmz6VU00O1XIPw,Unknown
cz5vz-893D3LNH3TMQYR1w,Unknown
YtUaJkgKc1pucwdSq_DQeQ,Unknown
ASdpD0gdrOZ7dPh2RS-fJg,Unknown
8-_jXGGDFPFAPB4r1x-81w,Unknown
ymtJtXwsJUClLNDepV1piQ,Unknown
NASjUYKkz6l7hQLxMf2lqg,Unknown
qD_JdN9HpuuXtJv4C6jmCw,Unknown
eS29S_06lvsDW04wVrIVxg,Unknown
EUQoB_ph7_xIyj7JZGI3bg,Unknown
g3w01guDiTLszguA3vUrSg,Unknown
BgthHqiXot2s4Sd_xcI6DQ,Unknown
YauBkH-HEx148jC0pv4Hcg,Unknown
nkHaix6KenApS8M-liZsCQ,Unknown
pCWg4B0R5gauQR4SJ9VDmw,Unknown
AhPmh0NaRDbEYyhd9egzLA,Unknown
g6B5hVt6oZRVO2wR4f0sNw,Unknown
LHyj66waFlDcw9UToo27JQ,Unknown
R6dsQhkBRq2qwwPnqommKw,Unknown
K141mTgWaKx8qlQkBG1huQ,Unknown
rbywwnfMjFjJwLQkgpdIEw,Unknown
tFcmrGLZNEymSnijoTPmqw,Unknown
TtbCOwOpNNzE7fW5CFwyng,Unknown
mVomtOMgBxbGvdPSaF2HjQ,Unknown
tCkd8eAx2mR0oioQcqkxPw,Unknown
5Ktv5ZmJI0CN4L0KxDWJvw,Unknown
utIA0LyQmwP-9DRyxUe6qQ,Unknown
IQLnLQYcTwCjwt_ri9dqhA,Unknown
IiwgHkUbBt9Ha25H4dUtkw,Unknown
C2VIYAElOUer5rBZH71c_A,Unknown
oD-C0IhodDOtWWOiNm2txA,Unknown
ErHMVkPstNyefb3ZU_z1Cw,Unknown
fSFzgt_QzJRUN0qNzTAwig,Unknown
ms7cmWkPiSBDTnz-1sv2kQ,Unknown
9Cq_NVvWZOEAzmE7tqJgmg,Unknown
_c3ixq9jYKxhLUB0czi0ug,Unknown
vC23Fq8lMkNiZ4F8yh3ukQ,Unknown
XeUm1QS078kgjwONhul0ng,Unknown
SkO0Kd4_bO4VWTzCa_k8_g,Unknown
8ciT6qjI18x9EPtOb-gqYQ,Unknown
YkHd_jANsjKWZu42xhkaKw,Unknown
xvIKjbhFydKRzrnibKuBDA,Unknown
apdb7MGnmnx6nGWBJ0ch_g,Unknown
y1VInN5m3RbHU59kiQbmxA,Unknown
3Hu-IPhq5I_jyb3YfeHpGQ,Unknown
WOz66UuVsfc2K9GxzfDnGg,Unknown
VoTi4yVhTVyFdmxUpoyUsg,Unknown
d-wvSnFt6JAZBzqMiGpvyQ,Unknown
UCqWJWovgeelP1OUI_L90w,Unknown
cQNGkOyCvnIqs78vO8SGJQ,Unknown
MM8n7SPaIuMlDGbUM5SZhA,Unknown
ept9mIlqGIsemr6w0RczaA,Unknown
FoKx_RP4kUM-aiGo3wlUUw,Unknown
RsREl3LkFGiwbt3kGIX4Eg,Unknown
8R_oemw4rNjJL6sd40O_oQ,Unknown
jq9gzjKbVWgeMYzA0aFzxw,Unknown
89uU51kOiQXbJHVA3C6XMQ,Unknown
kBJfBVaXJtPEKLTov1hJdQ,Unknown
fnaDx7UD4MiodQlgYHDwsQ,Unknown
Xg5qEQiB-7L6kGJ5F4K3bQ,Unknown
wghDrzcZ0VloAtaIZ7GEBg,Unknown
BvTU8s3v-qfTtsSKV6Y16A,Unknown
a5Hvmoe1H1kM8kaB99xMag,Unknown
3QQEc5QUP-h6LCkUZQEYQw,Unknown
53jjJCXpXSRaHfu_ZJePRA,Unknown
hVcnr0TMi500pJvghwnSOQ,Unknown
3x45Q9c5G6VBicedNKrXxQ,Unknown
-bMZCfTK7fxFaURynKpBMA,Unknown
aNYunG3j5zNJ4F0dQcZMyQ,Unknown
1rebduwtmrHQhl32djRS7A,Unknown
xR7srTzHPLGqhAxKwVAyYw,Unknown
3u4AsqA8glBmGuxtNx5mdQ,Unknown
5KheTjYPu1HcQzQFtm4_vw,Unknown
iIjVO7cLD1UEmIO7G05Ujw,Unknown
omU26JKzbqXhugm0O2U1mA,Unknown
p3cBYY8Tov5TOaXV2aY-wA,Unknown
P2GBKrx7dJg3xeGtuU2K-A,Unknown
9IaomgzTHXsNkZHnZGv8fg,Unknown
oryS4vX0xkKC4tOekgowDQ,Unknown
CElwRv4CtK56NljAuCwepw,Unknown
dPFGRDC3Hsi1mDKxvKz_9Q,Unknown
PQicuLOZ3uNJKn4PtayjlQ,Unknown
ccMpzq6Bu2Ha4Wbn6TnT7Q,Unknown
F-ULgBFmiSqG9udQmu6CCw,Unknown
oi6mahpAmEuikfihFVDmCw,Unknown
xZhNZb01n9b4e2X7bZdoVQ,Unknown
GAKFx4jFUtTOTpp_jDJnuA,Unknown
ogW-9p7lcXQYTPymXy9KXw,Unknown
Qb1amWCBTeBQQzQyrkyNAg,Unknown
tYdVqMv76L6UykoHSOE8Cw,Unknown
lwC0U4xU7T2qyCBRmrWFXQ,Unknown
tU90S8KAgeg_2dZQeYfg0w,Unknown
OfITr0B8bZU3vukSQJIrWQ,Unknown
zkw-peCF6FDKuopAp8LBzw,Unknown
iwzVhM5CirzkNS5wTxwZeA,Unknown
Jsfag1tWh3I408hDTcA7EQ,Unknown
2FfZUyA82YhQCjWNiqDCzQ,Unknown
l-Cu_WkJt5R1v71ecYeqsA,Unknown
F2F6rJ_SPo-lUhJ_AmufLA,Unknown
-9eNGMp8XiygI8t8QFuFWw,Unknown
QeGkAHAKUT-TkyPUsl2PIg,Unknown
9iy6scMRbs5ue41XRLGEkw,Unknown
62HlThvB9Rm2QFu_OdXe7w,Unknown
kP2wC0luve3mT5fcdrA3nQ,Unknown
GQxpWDw3MuCwAMV9BA-62w,Unknown
H7_yu7MgzSXB0vb959yXdA,Unknown
paWti26uib0RmBJIn6xL9w,Unknown
GpX1PmgplBrG_DLiJVDC-g,Unknown
eJab5373h0eZiOYnMPG4dg,Unknown
TQxMhEar6--Wj4Du8nRQsw,Unknown
dIqMQYs6tmowQUygS8sQ6A,Unknown
OQggqcQglU-lHY3rY-8Lhw,Unknown
siXCBrVFOXicbM2R-33-8w,Unknown
U1VRdnJgCSOujL7vnGwKxw,Unknown
2skQeu3C36VCiB653MIfrw,Unknown
VKVDDHKtsdrnigeIf9S8RA,Unknown
fbQaKW0Lte0JQ_opbnjdKg,Unknown
mUVAMNN7BCQ9HGA9w_7C1g,Unknown
QzrtN3EjGp-kSCzg8uj1oA,Unknown
c0F2t2j9MJ2gUBUPky-dqw,Unknown
ElWzx5_fU8S2G45OnM-HpA,Unknown
S6TMBqrsi4PLRFoQFPScjQ,Unknown
7eQoxWr9RzyCB9IFvqHUPA,Unknown
WXR0ND0KqbArMZDvFMA-bw,Unknown
3qlqzQrwh8hjBltlgFgsJQ,Unknown
T-KniGykrZ46ZC9plOTspw,Unknown
DaVTuhzi6EgWStb2eAjNjA,Unknown
CYWRPE-1IHPBb-zfFO6KRg,Unknown
7ge2DIxgQAl20_wr4yUgsA,Unknown
j0_DUr3vBXY-JP-b0bf93A,Unknown
I_a74zmgR-X03LsKISWPcg,Unknown
JkzqS4JDOpoHrj534rzvAA,Unknown
wB2mrl_xHyj55UObucaVRA,Unknown
TgjB-wlAVzol6HoDpE8KYg,Unknown
BBTkC1Z3ZnEE916SkCONIg,Unknown
ToFm2DhhTdr0Kv0A7Sdj6g,Unknown
EulFlbKaXT_DXG_xL6-mQQ,Unknown
xzj6q131hJE59tBkhe3Gag,Unknown
b5epWgPoVcXoMJdCCzFMUw,Unknown
tcgmfbWugkHI3FRrjlH6lQ,Unknown
qnn9E-e9orYf_wK37yLTYw,Unknown
NUT7tou1Uvjh0GB4I41Qig,Unknown
OIalqVuYn_VHFt3pVEsQFA,Unknown
6We2O5X62J_gduXU7jvf8w,Unknown
RZWx7pIsINH6nVqW7ys9cg,Unknown
S-oLPRdhlyL5HAknBKTUcQ,Unknown
WB7346WSdkTHvtHfWPilaA,Unknown
4aF5GfnVkJPj9IwJ2yxPtQ,Unknown
fyJAqmweGm8VXnpU4CWGNw,Unknown
5DDumAHRKumv3gZiPKW6iw,Unknown
U1g7IHZcnRmOc2m3mvWNig,Unknown
mBdm6in8L0UvtAN-Gv7dcg,Unknown
9vub2LM7Djy8P-LPumcLXA,Unknown
P7j_K9baGxWPlInbjn0OOg,Unknown
cUGFEQOu3_VsOpbvHGx8ZQ,Unknown
Tp07u-0AOFRfQhtNpAXaQA,Unknown
xDAjrXQ54-cLj0zYMkT03A,Unknown
lCd20nDS9rFHW_2KViqWUA,Unknown
DncyhhT6-T-_g961pbEftA,Unknown
lH0Ph4DiYSqj9UJBXAq8hQ,Unknown
aXRrMXXoAN7lawHICgmsxw,Unknown
aKFA85Miwb96A0IAS3mRgQ,Unknown
EM4Qo0Tm40H8Nfk3s8Dy0g,Unknown
-sAr-LA9TsIdl37UjwBlvg,Unknown
NgDyxaeItFSInv7J5paGLQ,Unknown
NPiLy71qqXzb45k9eQOgCQ,Unknown
f30-DOoIxvoV9btiDvKMTw,Unknown
P8IsTiHq5Hesa6UPL604ww,Unknown
75u8X_saAIETRHgpECi8YA,Unknown
RPO5ISR18Xllgk9ahdPepA,Unknown
xdD3EXvF_p9WUiwwKpol_w,Unknown
S_bG5WWbtNXhhY9Y0GTcSg,Unknown
zJGtD3y-pAIGNId4codEEg,Unknown
R1k-z3Mauqk4v-7ZeEVsHQ,Unknown
sR9hPrIaG-J-GLcl4yaiLw,Unknown
cKRMmytHxaSt8F0SMEzKqg,Unknown
d9wSnfW2kaJR-_auyK9G4A,Unknown
2zBCxn7_jHcfxoSjBdHJ3A,Unknown
0LmDg_Y6Ht3zFqtvmLhp6g,Unknown
kPorLswaS8h4xy-notLk9Q,Unknown
5d8oCuD4TlaDjBGMnDD0HQ,Unknown
wxzG81ZyWpBje_mU4aFLaw,Unknown
2DUdvdQE8FOxCHHp59HHzw,Unknown
V9bs-9SqhlryOCLy6vk6gg,Unknown
tDYcVluqZwieulc1iqxGXg,Unknown
VrIskBdLuRxS0HsSimJOhA,Unknown
kne4oWWLq0FFHLA-gWuqoQ,Unknown
umrDQGRNied77aVg29_fVw,Unknown
PxTKXsdYqoFHWAG2amz0XQ,Unknown
oo-kGk1BEWpuDvSE4gfmgQ,Unknown
sm0stXMEmnR4fjAAVbCYtw,Unknown
3oTVApC-eUzpGjrOVxIr5g,Unknown
EV1jAj7NFNmNIqOnwZ4Acw,Unknown
kHpXJ2vciumu2KhNHg0hYA,Unknown
raVyoZbWWuN7JcFUdT7k2g,Unknown
DkIEhR8behaIoSexekWV0Q,Unknown
5RqU2YARBU69d9zK6h-fXg,Unknown
AN9sX6Dh8-QAoJssdyno8A,Unknown
mRubgo8WfjraJkE5Bvbf6w,Unknown
jY2RWYyP42EhEtmhfQrnPQ,Unknown
najluTSbgZEpCdLIbpvnxQ,Unknown
9nlQLMA8W08dFAkXFSQOyA,Unknown
_iEl9sCLsvXEFHUWPvgsAg,Unknown
VT9VcNegXrl-BLDCjWH3fQ,Unknown
qS8RTVYBHECxDtOVSyZJkw,Unknown
7MeMGh0SUlF-GuTyruwtcw,Unknown
cs1qJvnWUg_f8g020z_3PQ,Unknown
zidkKI_N1OPxsiddTOQH_Q,Unknown
c0exbGNQvCDJZLorPeYY7Q,Unknown
W537pidoTVQmn9x1GPpxgA,Unknown
FvnH5hw4halHa_8dKylMeA,Unknown
nXKaLgLuLs2-S8_O-V09-A,Unknown
cTZmf7B-4yciMc1WKiCVOA,Unknown
urkODQ1jX0qQzgbqsQjWVQ,Unknown
042IHd5KjHiMuBtGtugO_g,Unknown
-e_UQJVTzIPweX4TcPUYVw,Unknown
RrZ2WUPuvCBAMIVC-ZYL-A,Unknown
-kIscN8I29eXMPkvyyxmRQ,Unknown
Wc9UpJhOcdSj7olZkz7SJA,Unknown
UNfiku8qEyvGYjPK7w_gxQ,Unknown
ghpFh6XpH1TYZhjAGdx-xw,Unknown
nn4ZkIZTCd7jJhxs-P9tHA,Unknown
F-QY0xyNi9z1p0wjZvnk3g,Unknown
wHq1efQVz17338k_aUOX3w,Unknown
aLIJSHJfLQuFu3CamjOS2Q,Unknown
JBrBsKpw0bbXK5nlrXVOYQ,Unknown
y2rhgHGRxGnKwU3x09Y3sQ,Unknown
nUaLFTfUqVKMFQonsWBnag,Unknown
E94lGPASDOwEbbA3zvfxkg,Unknown
SWDxTrwU_qlEcJp36IYquw,Unknown
uZ0C261kg1YgvTMTEmIL0Q,Unknown
wWhq9cKLCrZHcp-ezp-hPQ,Unknown
iUYAqWKoBdHqYNMDzOXb9w,Unknown
6Wc5DPXGudcNi2XK7QfQtA,Unknown
T9aHITN4Uy2W6sVdodKadg,Unknown
N70DWlVjys63Opxn7klhfA,Unknown
9vXJXydGeJHLdhRohfd59w,Unknown
06lCNuSrCnaU6eq0EV4PYg,Unknown
QsJ6orXv_VB7xz-MpqHzSQ,Unknown
XaPJUDiidOOdAMhTTIlTxw,Unknown
3CBLxydJU6CFRMGhu9b-sw,Unknown
f8-xk7B0rHyKNnTymQdChw,Unknown
lExXR4TeveJ1Ft6MGKyRsw,Unknown
vYeSTLvRuTuWoZV6tmvAxw,Unknown
uOJ87zqbU1MtShCSHDkiyw,Unknown
m2zASwlOL2vecCKHfmGAnQ,Unknown
RA1Jchnz3uQDg4YVHckKXQ,Unknown
zbrFk-4ejesAJD8EwcdHxg,Unknown
Q9is4jcGh5FT_1sAKilu6g,Unknown
079CV1EE5WLdQqVEVYFeHQ,Unknown
5P7zzVhWvO8nXGPdy7xqhw,Unknown
1E1Qp9HWSZmqruir3sTeKw,Unknown
aqLR6oUVsBw6wzoEFYR5Bw,Unknown
qaPSbg690KaX5av6xsSV4Q,Unknown
n8RVrpWpcd3HprzEnJ3RxA,Unknown
YvCIHmADAMDP_JV7vSBAHQ,Unknown
JEQaPs7jNT1M2os9lJDlUA,Unknown
0rjU_WK5HxoH1fIuEpTpcg,Unknown
rGhZ9iEWyVcb0D_ia4EpgQ,Unknown
bs07-hLuz0dq06gIUwR5mw,Unknown
osJfovV0FGBDo4n7eD4-AQ,Unknown
pKiSzUlBBRNEdTML24piXA,Unknown
hNsRj2nXuALlJS4Op-8MmA,Unknown
in3zjiaLpNzr9G3K35gAJQ,Unknown
6Iu4YDjAPrDRRrPCt_E2zA,Unknown
WpzRURptZ2FIxBmJMl4MXA,Unknown
wWDNwNb6ygJorKujOuifhA,Unknown
yAXWKWRTs4wNy-zrJgoeXQ,Unknown
yRvmDKX-Ocgd8zq_iMgujA,Unknown
-ITj6Pu8Gdw8MmLf0XBEKQ,Unknown
-YYhUIdX-oJoqwd47sAJSw,Unknown
25c15dEPrBrWr4tR1r6sTg,Unknown
w6frk94BwGwxenre_zeXUg,Unknown
H9tJl_ntsan-YSZElKKK2w,Unknown
DW5TmdNGhepqrB0JGHnJ_A,Unknown
KtByU3UDMR19himevLdzqg,Unknown
gugN1sgyheBJ6aKtNcv_gQ,Unknown
l8tSrCIwIyRMBHUiZ9By4A,Unknown
YOD9dXrnpu8HTRILpF0onw,Unknown
LdSIXJeWpK5u8tq-nKxQ1w,Unknown
dJuxA0paONof3QiMAN8d7Q,Unknown
7RTwUpuPFnIHPoTmWJpWhQ,Unknown
F-PmkzyN80fVcNMN8Z2aiw,Unknown
lRL7x-HMBscWyELxEVq85w,Unknown
a3mJdNVP-ve3l3z9LRJXQQ,Unknown
U-9uOCu4tG4idBAnMPmZTw,Unknown
bjrPt4DN1r4HpiR0Y8ofvg,Unknown
w1S46TdjMdQj-zCZoXPd4Q,Unknown
8Syk4yZRivDlVUdXxIPutQ,Unknown
NWlNMG_eBIvDjCcHK46eDQ,Unknown
8xyRFdmF_9boBaPx0jBhHQ,Unknown
gQg_z_bqR9Lp9oLuv659YA,Unknown
KFAJsmQ6GnHxyfmv16s9VA,Unknown
_jTULkoQIqb9nvitg2dIXg,Unknown
mQnYgd5ywCzYMblWqL7-AQ,Unknown
Bkkwt8E9MHvgCHn4lUFtow,Unknown
fzxvmA3Ygu3yrQQ6-cEpTw,Unknown
w-q9UTLqk6njQWOJEWelwA,Unknown
rCJ6qFo_liwGPzbupkLhhQ,Unknown
rgTcICdtCXoNXc71Z7-t5g,Unknown
8J55FMsOXei4Xh1jHSpElw,Unknown
eZQbDYQTZk0_cBroVxnPWg,Unknown
LR1JNvpNrx2N4HNAyhHvrg,Unknown
q4CjxLPsMCAPeST0lcQlOg,Unknown
l8k4gOEkfoLKq0mPVWHWGg,Unknown
fo0I_-vX1xNsjS2JcnhlMw,Unknown
n8fGqb4CCheGyWtr9KM6qw,Unknown
kz7O0_o6WrDQk1Kl8dKeHQ,Unknown
mj_E2SThbggt-FyUaE1DQg,Unknown
jJoPLIhCjkGXy59I4Jl6zw,Unknown
1WHM7EnTMSjteM9UEr86tA,Unknown
VbuqVOVUT4HYXKI6B_S59A,Unknown
ylxqmxh2gO1yCpQkIk6o3A,Unknown
kcF-en40P3J9L8nLy5lKqQ,Unknown
JXhi6GuB6wqBfw2Tc7ohvw,Unknown
pTZ4u-sEQr-yHq2Cl4EMEw,Unknown
82I9SSilxh3zL8F1UQ45Xw,Unknown
jcw_vtqfZSTLP15DJmvfIA,Unknown
rjlAUHT8B6KhKAmkZqS1xw,Unknown
AueEbb9kao4lt6CYt06hqw,Unknown
75vRgse6O3P4GL_vi3Xr9Q,Unknown
roz-ed8kvBF6fwKBPeJ49Q,Unknown
-z-xTLkeSN_WpRayIlh_iQ,Unknown
6nbmlMVmbifIjrEEbCaA6w,Unknown
0PMKMyfX1j7Nc4esk1RaMg,Unknown
G8k2E3oYHHl2o4lNJQwR-g,Unknown
OwZM33ZI8LZVknaLICWIhw,Unknown
7jl9EJQCGBiTyXTDXMsRIw,Unknown
Kykw3ho8wHtLV6gr9qbWTg,Unknown
vyDW7_CHhDUJshMqaSjj0g,Unknown
jeTvVMOR8W_04xFsPjzOEQ,Unknown
yfHYCkQaupRzWU8FIgxUPg,Unknown
dnBQZpWTyJzTe0QJf7YK5w,Unknown
qnyTJ39UXke3aAS0gdWsww,Unknown
ng8vj7q4kFt7d4Ud4lBhHQ,Unknown
zNGYsFeG_7XEBodbtfux5Q,Unknown
JnotDMU1KOYHm5kHHuPnyg,Unknown
rCoAHVl3tXXAE_Kl4MVgWg,Unknown
TT2bNjvnVNFOanDNYnAffQ,Unknown
YbOhR475lR0xsNJjoAmMXQ,Unknown
ZCe93zAkxr2KOBU1NT0lmg,Unknown
jOseCpGmgbQWEfX2Wn_TGQ,Unknown
h-bBnFFTZ2cNiuBMFu2UaQ,Unknown
F9cXFXk60E2sz_YTSCFp_Q,Unknown
e-cxqDjKEHEcISP2iGcZxg,Unknown
HaNUXh5nYR0r7FrbFJSHXw,Unknown
DLcgZ180-gdPsHoU78xQDw,Unknown
4p6Wce7Ed707QS2-yQkvZw,Unknown
M5gj8a6Qtjy06lh3L5zUqA,Unknown
44YFU284Z3KDEy25QyVoUw,Unknown
of4V8nfW7GwJ03tLDdrOlA,Unknown
v2tjswIV3e0c8o7_7MwYmg,Unknown
LmjBZpQU7nJTIJZYRVO7Kg,Unknown
5zHi8eQhO7sO3N15zHgkUg,Unknown
iB9By3dVS6BydSUiDHxLyw,Unknown
8VQbablhtEXNPfOFJVROGA,Unknown
hyM_SJdBeL6SYA-kfNhBag,Unknown
4vkOZ0kW4Hor43XqqNc0Og,Unknown
LAiBt7LobYM_0_EQrSvK4A,Unknown
j5kdA9YyqAL7UHHtfcxUvg,Unknown
O2sEX86f6B4GROghjUkr0A,Unknown
URa75T-A1QvjMUFNIPyukQ,Unknown
-1UMR00eXtwaeh59pEiDjA,Unknown
dThrFTK_bqo1woPvUgY70g,Unknown
m506zjQ67j0msTfANwB6RA,Unknown
u9R0_pvEkl7QGPJYH3j1sg,Unknown
67X6JB3kvZ2B_p8pucgNXA,Unknown
csy-xJWM68SXabizUIhucA,Unknown
IdNMRM2U4GK7zbsD7R2BWA,Unknown
nwHd2MbIGz0SNG8GpFjekw,Unknown
NeDqVEiin0q-FxCvOKiERw,Unknown
iZMdwe0xebE3rF0x3LOr4w,Unknown
wx7fvfCq53tNFieI4FiBWg,Unknown
hH8002bWtOFYtLgarFZBsg,Unknown
UUtWoDyREiy9MPdtTRFUYQ,Unknown
_e3rChyednoh47n2cjGv2w,Unknown
0N2y8rNxbet6p4UIBWTOrw,Unknown
_B3jnaQVtDXqydea1y92fQ,Unknown
rnvsL0oFZpzpO61GXqBF6g,Unknown
xtJ9ELoKVMbRwZ0ktbVTlA,Unknown
-RYIKWBSTaJ21B2UMyzI-Q,Unknown
jIzygnVmajEXYmfsBNY_Gw,Unknown
myw0csRck6XG4w5Z-EFyqg,Unknown
333W59XcrXZsJlnBAAx5mQ,Unknown
ZeEPwPmN7SP27xiE6kQnoQ,Unknown
D3tXmFzqLD3mGzYnp5vp7w,Unknown
VgfqjXetLMxn5X5_uomBkg,Unknown
jikjjW1bN0swCMguFazcxg,Unknown
ZVtjS8Hvq2a6SxHxlehPGg,Unknown
aw0H9O1yysoHB0JanT0Ubw,Unknown
6NwkKX8VvN3Nnn-ANISBrQ,Unknown
v6ajbFso0FH-6M6qbd4Jqw,Unknown
cXgXRqB40CGHEMKQgxLDTg,Unknown
LGEIsxeJQATo9J1IA-TEdA,Unknown
AwcNjlTqWBObQ9XXCFpg2g,Unknown
9o-DUVGYaoKkqnCP5BT_NA,Unknown
0LhYg3iOF9IU2Ut8IL84TQ,Unknown
7Q2cYSl5NBYytJzgjX0oKw,Unknown
fbLYRHIZAt3q839whhaBUg,Unknown
2DmTw0k3bcXuHdAyxO_bkw,Unknown
PQWE8a6Opjiuzt7DaX2R6Q,Unknown
0859wfd1BQHG46Zpwhc0ZQ,Unknown
cq6SQkWKVT3TH-6YzGFn4g,Unknown
G8vA6pq4p8KslaURm-q65Q,Unknown
btQBI4ToTJM4Kts6_b0AiQ,Unknown
fSBhe0A6Dfa8JCYccfpMog,Unknown
sZq-qUvoLgYxlDmIcxYWDg,Unknown
9vkVY5puIHRfKMgJB4LBnw,Unknown
dc6sPg9kNliz_Cy2yX19tw,Unknown
ibf4xvHWD4t1DOOZhidHBg,Unknown
I9nziYEw4YIFjr3ZDBpFog,Unknown
5OmuCo0kdvWQZXidGuxrsw,Unknown
ivAe-BA1y3DOyRUKHdPnQA,Unknown
CV0knwCFA-x-8jJHot6Few,Unknown
YBIhTjmEH3IEZW4Dr5ReRA,Unknown
89N3YfIoe50feyqS0qwMXg,Unknown
50Ull2QxpgNT21vB_KBZ9g,Unknown
Hliq9wrI1BcR-xcG_C9_Qg,Unknown
-JwSuDqyFILFJmVpjrVbwA,Unknown
oWh3TnsN5WrmPn7VgQNsWA,Unknown
C0yiSrxaTMthwS8PzEow1Q,Unknown
mQ9sBO4jSO_2W-0_mb_SNA,Unknown
vx1gUYqYQE2O5rfOrUi-Cw,Unknown
UhEhLSJrPRoiYWdHfJQxfw,Unknown
OeQUmob9q5sbEixK2-Tozw,Unknown
oFHvr1cAktvU-bQgrl4aPw,Unknown
YyvpjiXO_lQuZxn6wqoPJw,Unknown
WK6uBV2eSqb2wwEwXoFfNg,Unknown
1WBkAuQg81kokZIPMpn9Zg,Unknown
OLrcJhNki2C-XzPYNB-BaQ,Unknown
6Uf3RcK16NZeTxYTHXAD-Q,Unknown
tvwDuDypJDl16icfZDpULg,Unknown
U1ZVgF-kfkvv_rcoe0RglQ,Unknown
wrWdywCI7uLbDb6v07KpKg,Unknown
XcWlBj5oQgzKhR7Cxovj3w,Unknown
mYlNFkIiFY3SyDl-nPWR5g,Unknown
9IIhExGT0f6x26hTjyBbrw,Unknown
QMI6A2H1N3SwKU69SiASJA,Unknown
CKoDbOpF_CSyy6_lttqjKg,Unknown
LR_99E7tVUfxqemvcGkDzw,Unknown
3U__XOTBFptjhBeHrPGqrg,Unknown
poSV39UqEg-gpESXafS9-g,Unknown
n2tiSHECXkFv47aIkxvSDA,Unknown
ml916FaOdF870Jrk0ZQETA,Unknown
len2nrEtgD9bjnoYSyLPjA,Unknown
muzZW1AqlfdWGMND0jf_kw,Unknown
1JF9TbJ2d5hH8xsQvvklHg,Unknown
X-ZAD3eMkThGL9hrKdQooQ,Unknown
TH_Vr8_LCnAXFDUqSkF-HA,Unknown
m1Y47fK3vWCJXV3TdCn_Xw,Unknown
gBEWJ4b2OvUmN4Oh7ju3hw,Unknown
SVMR0kRmdd-bbSNTTECJBA,Unknown
llQfDCKPXBW1-hSb_qUC-g,Unknown
-Ma5JqzuI_3xIAtpNJfQ2g,Unknown
3Xq-bUUpRF9qi3MIXPY8cQ,Unknown
lUG4i-s3zNFY1f6bEnTfqg,Unknown
cpkBJhBujpBFZ0rOItE-4g,Unknown
vGDhK2Lc4Np5iZYZ7FG0QA,Unknown
OfLdWSqZ4HM_-B5khUtS8w,Unknown
O_8Du5H8WrBwCZmVJpu2-w,Unknown
Yt3dmFHp_basMd3SEzfYdw,Unknown
5DT2qxCkXxUKW7z_4kOXmA,Unknown
DZfFFSVFVJVxs3vfFVVf0w,Unknown
34VuBMNaG9nJiyqsnoEgPg,Unknown
VsHhy9ixEze-AxNYt6UxLA,Unknown
GjT8ZitwOVdP2ttJIam-ug,Unknown
yX0pOWG_Be9TjGnm0aihVA,Unknown
ZGtWgDcgU6bYq4opGMH9cA,Unknown
JrEMvvNR1rUVkAMvPPZYkg,Unknown
LUDX--wfStrKavGyitk4nA,Unknown
yXj1P-pc6CGDFSta-45L5Q,Unknown
y8nLJceuEAVv_Aqtmf9YAA,Unknown
Er2XAYN8l1BadlYFwiPb9g,Unknown
L6ZPG8lO1tMGmHimSjuEMg,Unknown
XF4w6wG1JOvfKZlQcxiWgQ,Unknown
63bHLJUomC22Xdm3IjgBtw,Unknown
E_DXCeVllZtHV93hsAIZvw,Unknown
GQkYDEjmgC-W_CYxsLqZPg,Unknown
GLVahCssTKPBY_06LzUGQA,Unknown
VasgFCcYS8JUIdqb5KsPAQ,Unknown
i3MWkfRgwqPYMKyL9Mk_Pg,Unknown
xhyzmAnZp2snpBklfcr3Sw,Unknown
2NiBvT5zL272IRcxru_x9A,Unknown
24Td_CQH1bonWKff1rt2vg,Unknown
SvlTuwslYKdqvqWtDe2dgA,Unknown
K4isdrdwV3GbI52Bv2Wq6g,Unknown
IxQOyzqGjTJjSxr115WeMg,Unknown
QcogA6JDOV7gIjEHlSqGCw,Unknown
tSJTbxhAO1tJMSdeTCiZwg,Unknown
IhBiHpjqJP01qX1dCxG9-A,Unknown
yCK1Ok69D7TSWJESZQZHiQ,Unknown
piHJq_NDrOh5SYk3AyQVOg,Unknown
K1qs4e30yoln6scnm-tmyg,Unknown
YM-nYIHd99qUt9n62AxIAg,Unknown
g-I48SaHtdIGR5ZEoVeNFw,Unknown
G_mqw9nNYDFkwtCe5Jd8QA,Unknown
TubbskG3TSU9TpgFFH2How,Unknown
GLObol9ZkKPQOQ1LMsqkew,Unknown
CqsJjzullOVp29m0l__k5Q,Unknown
01cFftHZc98jNJfJrLEJ5g,Unknown
uZkysgjMeC3UO03cPyBD2g,Unknown
pBwOqgpkaDmFUDYX8cbnNQ,Unknown
fYISBJhVMef0wOqX8JUxlQ,Unknown
8ZyOqUYfHB5YygUb97TS3A,Unknown
6eCbK0Fg9N_DbdluVQx-pA,Unknown
cJzv3fbd7jL2ZHyFosFkOw,Unknown
CzqYP9VKJBzGLnp14naScA,Unknown
Y4CKJ3mJJeV0E8BNf7gEtg,Unknown
lCI3S_Tb16uW3TOk-wMizA,Unknown
JDDZAflMR3oHBH5cKOQNpw,Unknown
RZFryvOkznd4jtpj8PbSzg,Unknown
VOKCaJMMSpAGgrx2RG7Ueg,Unknown
fq1gYSEDB5tZT1pUCdWVkg,Unknown
A-chkFATOxiZNMH6TCTkcw,Unknown
Nc7cqq5k0WZsVhu25QrmNQ,Unknown
nNavjod8pAkEW7ZHeCyAbA,Unknown
rIcEm0o8Xk413HWD4-f2QA,Unknown
2ompyGP88KzsQ6SY01d3tg,Unknown
_LFL-zsgOZRc7rSfjzZbVQ,Unknown
lrAUseySfmFeZkWOGfsKnQ,Unknown
4F8KZ0wJ264yARfAAebBBQ,Unknown
vUgCHg2pWUrbg_xrJZz6Lg,Unknown
YAODkC2s68TbF_kB9rFmMQ,Unknown
HME5y0qMKFRUbHZykncGNA,Unknown
85o8XAZDoPmRqHFhdJLAGg,Unknown
erpMXkhBRNAwfXYfqIaC6Q,Unknown
Q7bAF6MrZ8wWfLsxaPl2Yw,Unknown
HHu9VyoA7RB1AR2NIFiT7g,Unknown
AYAgMAqdg3AtG87mae5W6w,Unknown
po-05-AGCVxEme-SbNUIKw,Unknown
F87ttJCwWdQccR4Wlr9j0A,Unknown
Tc1ly-0VLk3AaoMb7CrlVA,Unknown
dXQ2zo174AZeHOtRoHwqEQ,Unknown
EhplcymNbSX5TvPgGilL7Q,Unknown
V-IGSKRmDg0sa1x1Mj19Ig,Unknown
ps7qmXhIe0C5ahS3SkcZHA,Unknown
LaTu6zWyJsrZfCekL3tctg,Unknown
IzA-r65P3EHfDNDef85kaA,Unknown
pDYtNQVbvNIPfYDU32uk3Q,Unknown
aTlN0kN0gLycCd4uV1GmHw,Unknown
HJxEEWc0HU5a9OwmpClj8w,Unknown
l694_5M7NF-5GDxfH2dCNg,Unknown
xImiQIhC2ZBDEy7LhpQ4nQ,Unknown
vkQrIXyeAn4GrCnrk2haRw,Unknown
AfvKG1alZ1-edrZ9r2dfYg,Unknown
0R7VFjeiL3UbZgAdc4DO4A,Unknown
nYpxA8exNB1VPuM7XYS7fg,Unknown
I3STZd5iAvUL9MNLF_DUug,Unknown
IUZznnImKOEU8k7oifRE9g,Unknown
0QBFtNNj9RIggZGeivcbEg,Unknown
LPAa37pMuob2Bs1Grq9vIA,Unknown
nxCRx5_US4XLxufkF6-Tlw,Unknown
knU0b5FaqtUSr1UrflaVbg,Unknown
JnjXnu6A9Xb-3wm5fUyL3A,Unknown
oVFRqhwQQ3zD3geTtRYZTA,Unknown
hM3TwxTe_XWvdXZUiFkZ9g,Unknown
toBMu3SXZn-dpdmVrPe4aQ,Unknown
kTuK-M5fFwV1_lMBmOU_qQ,Unknown
M-ajUawvXeHSqpeM_2UDOg,Unknown
nkYnC7aj-vgFfjEOjv7_gA,Unknown
iNDTltptdI3PYOxxXtnyLQ,Unknown
kQGwxq5hOM9TLIwO8AjHvQ,Unknown
W3HI9tfQ8DAAJdkVWz5dQw,Unknown
nUF-P7OzoYxJ78WGU_I-Sw,Unknown
r3Xx9Qk3xAMzYGIGFBcKpQ,Unknown
JrXxQKt-TuHG1-ZjZifa1A,Unknown
iJw_eNKLuCXCQmXIuhgLXw,Unknown
SkORg8POszk8OlJjFncegQ,Unknown
RwnePLERBTS_xtyV7Rx1AQ,Unknown
wQWhzyZNzFQKAOiSVEXCwA,Unknown
QEE5vBdRf2tuchmZQ3H-Kg,Unknown
4JdoQ95uXy__zoHmPhtdiA,Unknown
v3AXp8DPMgwpy4DX4DDZNw,Unknown
-cx5skKcusn__Q4bMx7X5g,Unknown
zjBJPx2Hm-cx1xfeIjcKHQ,Unknown
